[
 {
 "nom": "Sessió de Ioga",
 "descripció": "Classe de ioga per relaxar-se i estirar els músculs.",
 "capacitat_màxima": 20
 },
 {
 "nom": "Taller de cuina",
 "descripció": "Aprendre a cuinar plats mediterranis.",
 "capacitat_màxima": 15
 },
 {
 "nom": "Curs de fotografia",
 "descripció": "Taller per millorar les teves habilitats de fotografia.",
 "capacitat_màxima": 10
 },
 {
 "nom": "Escalada en roca",
 "descripció": "Activitat d'escalada en un mur d'escalada interior.",
 "capacitat_màxima": 12
 },
 {
 "nom": "Sessió de meditació",
 "descripció": "Sessió guiada de meditació per a la pau interior.",
 "capacitat_màxima": 30
 }]
